Workbook

Sheet Feuil1
A1: C : Presse, début XXe siècle
A2: \\num_trav.bnf.fr\Num_TRAV$\GroundTruthImpact\Docs-subsetC
A3: Fichiers image | D3: Fichiers PAGE
A4: Premier | B4: Dernier | C4: Nbre | D4: Nbre | E4: RQ | G4: Colorimétrie | H4: ark | I4: Titre | J4: Date | K4: Rq
A5: 123451 | B5: 123646 | C5: =B5-A5+1 -> 196 | D5: 12 | G5: Gris | H5: http://gallica.bnf.fr/ark:/12148/cb32706846t/date | I5: L'Aurore
A6: 196323 | B6: 196326 | C6: 4 | D6: 4 | E6: négatif | G6: Gris | H6: http://gallica.bnf.fr/ark:/12148/cb32868136g/date1869.item | I6: Le siècle
C8: Total VT : | D8: =SUM(D5:D6) -> 16 | E8: pages
A10: 123451 | H10: http://gallica.bnf.fr/ark:/12148/bpt6k752214n.item | I10: L'Aurore | J10: 3738
A11: 123452
A12: 123453
A13: 123454
A14: 123531 | H14: http://gallica.bnf.fr/ark:/12148/bpt6k752234b.item | I14: L'Aurore | J14: 3759
A15: 123532
A16: 123533
A17: 123534
A18: 123643 | H18: http://gallica.bnf.fr/ark:/12148/bpt6k752262m.item | I18: L'Aurore | J18: 3787
A19: 123644
A20: 123645
A21: 123646
A22: 196323 | H22: http://gallica.bnf.fr/ark:/12148/bpt6k731539d.item | I22: Le siècle | J22: 2/03/1869
A23: 196324
A24: 196325
A25: 196326

Sheet Feuil2
A1: date | B1: id | C1: Corrigé | D1: Dans Œuvre
A2: 40422 | B2: 408470 | C2: =NOT(A2=$A$3) -> TRUE | D2: =VLOOKUP(Feuil2!B2,Feuil1!#REF!,2,1) -> #REF!
A3: 40394 | B3: 408471 | C3: =NOT(A3=$A$3) -> FALSE | D3: =VLOOKUP(Feuil2!B3,Feuil1!#REF!,2,1) -> #REF!
A4: 40394 | B4: 408472 | C4: =NOT(A4=$A$3) -> FALSE | D4: =VLOOKUP(Feuil2!B4,Feuil1!#REF!,2,1) -> #REF!
A5: 40394 | B5: 408473 | C5: =NOT(A5=$A$3) -> FALSE | D5: =VLOOKUP(Feuil2!B5,Feuil1!#REF!,2,1) -> #REF!
A6: 40394 | B6: 408474 | C6: =NOT(A6=$A$3) -> FALSE | D6: =VLOOKUP(Feuil2!B6,Feuil1!#REF!,2,1) -> #REF!
A7: 40394 | B7: 408475 | C7: =NOT(A7=$A$3) -> FALSE | D7: =VLOOKUP(Feuil2!B7,Feuil1!#REF!,2,1) -> #REF!
A8: 40394 | B8: 408476 | C8: =NOT(A8=$A$3) -> FALSE | D8: =VLOOKUP(Feuil2!B8,Feuil1!#REF!,2,1) -> #REF!
A9: 40422 | B9: 408477 | C9: =NOT(A9=$A$3) -> TRUE | D9: =VLOOKUP(Feuil2!B9,Feuil1!#REF!,2,1) -> #REF!
A10: 40394 | B10: 408478 | C10: =NOT(A10=$A$3) -> FALSE | D10: =VLOOKUP(Feuil2!B10,Feuil1!#REF!,2,1) -> #REF!
A11: 40394 | B11: 408480 | C11: =NOT(A11=$A$3) -> FALSE | D11: =VLOOKUP(Feuil2!B11,Feuil1!#REF!,2,1) -> #REF!
A12: 40394 | B12: 408481 | C12: =NOT(A12=$A$3) -> FALSE | D12: =VLOOKUP(Feuil2!B12,Feuil1!#REF!,2,1) -> #REF!
A13: 40394 | B13: 408482 | C13: =NOT(A13=$A$3) -> FALSE | D13: =VLOOKUP(Feuil2!B13,Feuil1!#REF!,2,1) -> #REF!
... A5138: 40394 | B5138: 416232 | C5138: =NOT(A5138=$A$3) -> FALSE | D5138: =VLOOKUP(Feuil2!B5138,Feuil1!#REF!,2,1) -> #REF!
B5139: 1ÿ029ÿ334 octets | C5139: =NOT(A5139=$A$3) -> TRUE | D5139: =VLOOKUP(Feuil2!B5139,Feuil1!#REF!,2,1) -> #REF!
B5140: 2ÿ400 octets libres | C5140: =NOT(A5140=$A$3) -> TRUE | D5140: =VLOOKUP(Feuil2!B5140,Feuil1!#REF!,2,1) -> #REF!

Sheet Feuil3
